id,name
1000,org1000
1001,org1001
1,org1
2,org2
3,org3
4,org4
5,org5
6,org6
7,org7
8,org8
9,org9
10,org10
11,org11
12,org12
13,org13
14,org14
15,org15
16,org16
17,org17
18,org18
19,org19
20,org20
21,org21
22,org22
23,org23
24,org24
25,org25
26,org26
27,org27
28,org28
29,org29
30,org30
31,org31
32,org32
33,org33
34,org34
35,org35
36,org36
37,org37
38,org38
39,org39
40,org40
41,org41
42,org42
43,org43
44,org44
45,org45
46,org46
47,org47
48,org48
49,org49
50,org50
51,org51
52,org52
53,org53
54,org54
55,org55
56,org56
57,org57
58,org58
59,org59
60,org60
61,org61
62,org62
63,org63
64,org64
65,org65
66,org66
67,org67
68,org68
69,org69
70,org70
71,org71
72,org72
73,org73
74,org74
75,org75
76,org76
77,org77
78,org78
79,org79
80,org80
81,org81
82,org82
83,org83
84,org84
85,org85
86,org86
87,org87
88,org88
89,org89
90,org90
91,org91
92,org92
93,org93
94,org94
95,org95
96,org96
97,org97
98,org98
99,org99
100,org100
101,org101
102,org102
103,org103
104,org104
105,org105
106,org106
107,org107
108,org108
109,org109
110,org110
111,org111
112,org112
113,org113
114,org114
115,org115
116,org116
117,org117
118,org118
119,org119
120,org120
121,org121
122,org122
123,org123
124,org124
125,org125
126,org126
127,org127
128,org128
129,org129
130,org130
131,org131
132,org132
133,org133
134,org134
135,org135
136,org136
137,org137
138,org138
139,org139
140,org140
141,org141
142,org142
143,org143
144,org144
145,org145
146,org146
147,org147
148,org148
149,org149
150,org150
151,org151
152,org152
153,org153
154,org154
155,org155
156,org156
157,org157
158,org158
159,org159
160,org160
161,org161
162,org162
163,org163
164,org164
165,org165
166,org166
167,org167
168,org168
169,org169
170,org170
171,org171
172,org172
173,org173
174,org174
175,org175
176,org176
177,org177
178,org178
179,org179
180,org180
181,org181
182,org182
183,org183
184,org184
185,org185
186,org186
187,org187
188,org188
189,org189
190,org190
191,org191
192,org192
193,org193
194,org194
195,org195
196,org196
197,org197
198,org198
199,org199
200,org200
201,org201
202,org202
203,org203
204,org204
205,org205
206,org206
207,org207
208,org208
209,org209
210,org210
211,org211
212,org212
213,org213
214,org214
215,org215
216,org216
217,org217
218,org218
219,org219
220,org220
221,org221
222,org222
223,org223
224,org224
225,org225
226,org226
227,org227
228,org228
229,org229
230,org230
231,org231
232,org232
233,org233
234,org234
235,org235
236,org236
237,org237
238,org238
239,org239
240,org240
241,org241
242,org242
243,org243
244,org244
245,org245
246,org246
247,org247
248,org248
249,org249
250,org250
251,org251
252,org252
253,org253
254,org254
255,org255
256,org256
257,org257
258,org258
259,org259
260,org260
261,org261
262,org262
263,org263
264,org264
265,org265
266,org266
267,org267
268,org268
269,org269
270,org270
271,org271
272,org272
273,org273
274,org274
275,org275
276,org276
277,org277
278,org278
279,org279
280,org280
281,org281
282,org282
283,org283
284,org284
285,org285
286,org286
287,org287
288,org288
289,org289
290,org290
291,org291
292,org292
293,org293
294,org294
295,org295
296,org296
297,org297
298,org298
299,org299
300,org300
301,org301
302,org302
303,org303
304,org304
305,org305
306,org306
307,org307
308,org308
309,org309
310,org310
311,org311
312,org312
313,org313
314,org314
315,org315
316,org316
317,org317
318,org318
319,org319
320,org320
321,org321
322,org322
323,org323
324,org324
325,org325
326,org326
327,org327
328,org328
329,org329
330,org330
331,org331
332,org332
333,org333
334,org334
335,org335
336,org336
337,org337
338,org338
339,org339
340,org340
341,org341
342,org342
343,org343
344,org344
345,org345
346,org346
347,org347
348,org348
349,org349
350,org350
351,org351
352,org352
353,org353
354,org354
355,org355
356,org356
357,org357
358,org358
359,org359
360,org360
361,org361
362,org362
363,org363
364,org364
365,org365
366,org366
367,org367
368,org368
369,org369
370,org370
371,org371
372,org372
373,org373
374,org374
375,org375
376,org376
377,org377
378,org378
379,org379
380,org380
381,org381
382,org382
383,org383
384,org384
385,org385
386,org386
387,org387
388,org388
389,org389
390,org390
391,org391
392,org392
393,org393
394,org394
395,org395
396,org396
397,org397
398,org398
399,org399
400,org400
401,org401
402,org402
403,org403
404,org404
405,org405
406,org406
407,org407
408,org408
409,org409
410,org410
411,org411
412,org412
413,org413
414,org414
415,org415
416,org416
417,org417
418,org418
419,org419
420,org420
421,org421
422,org422
423,org423
424,org424
425,org425
426,org426
427,org427
428,org428
429,org429
430,org430
431,org431
432,org432
433,org433
434,org434
435,org435
436,org436
437,org437
438,org438
439,org439
440,org440
441,org441
442,org442
443,org443
444,org444
445,org445
446,org446
447,org447
448,org448
449,org449
450,org450
451,org451
452,org452
453,org453
454,org454
455,org455
456,org456
457,org457
458,org458
459,org459
460,org460
461,org461
462,org462
463,org463
464,org464
465,org465
466,org466
467,org467
468,org468
469,org469
470,org470
471,org471
472,org472
473,org473
474,org474
475,org475
476,org476
477,org477
478,org478
479,org479
480,org480
481,org481
482,org482
483,org483
484,org484
485,org485
486,org486
487,org487
488,org488
489,org489
490,org490
491,org491
492,org492
493,org493
494,org494
495,org495
496,org496
497,org497
498,org498
499,org499
500,org500
501,org501
502,org502
503,org503
504,org504
505,org505
506,org506
507,org507
508,org508
509,org509
510,org510
511,org511
512,org512
513,org513
514,org514
515,org515
516,org516
517,org517
518,org518
519,org519
520,org520
521,org521
522,org522
523,org523
524,org524
525,org525
526,org526
527,org527
528,org528
529,org529
530,org530
531,org531
532,org532
533,org533
534,org534
535,org535
536,org536
537,org537
538,org538
539,org539
540,org540
541,org541
542,org542
543,org543
544,org544
545,org545
546,org546
547,org547
548,org548
549,org549
550,org550
551,org551
552,org552
553,org553
554,org554
555,org555
556,org556
557,org557
558,org558
559,org559
560,org560
561,org561
562,org562
563,org563
564,org564
565,org565
566,org566
567,org567
568,org568
569,org569
570,org570
571,org571
572,org572
573,org573
574,org574
575,org575
576,org576
577,org577
578,org578
579,org579
580,org580
581,org581
582,org582
583,org583
584,org584
585,org585
586,org586
587,org587
588,org588
589,org589
590,org590
591,org591
592,org592
593,org593
594,org594
595,org595
596,org596
597,org597
598,org598
599,org599
600,org600
601,org601
602,org602
603,org603
604,org604
605,org605
606,org606
607,org607
608,org608
609,org609
610,org610
611,org611
612,org612
613,org613
614,org614
615,org615
616,org616
617,org617
618,org618
619,org619
620,org620
621,org621
622,org622
623,org623
624,org624
625,org625
626,org626
627,org627
628,org628
629,org629
630,org630
631,org631
632,org632
633,org633
634,org634
635,org635
636,org636
637,org637
638,org638
639,org639
640,org640
641,org641
642,org642
643,org643
644,org644
645,org645
646,org646
647,org647
648,org648
649,org649
650,org650
651,org651
652,org652
653,org653
654,org654
655,org655
656,org656
657,org657
658,org658
659,org659
660,org660
661,org661
662,org662
663,org663
664,org664
665,org665
666,org666
667,org667
668,org668
669,org669
670,org670
671,org671
672,org672
673,org673
674,org674
675,org675
676,org676
677,org677
678,org678
679,org679
680,org680
681,org681
682,org682
683,org683
684,org684
685,org685
686,org686
687,org687
688,org688
689,org689
690,org690
691,org691
692,org692
693,org693
694,org694
695,org695
696,org696
697,org697
698,org698
699,org699
700,org700
701,org701
702,org702
703,org703
704,org704
705,org705
706,org706
707,org707
708,org708
709,org709
710,org710
711,org711
712,org712
713,org713
714,org714
715,org715
716,org716
717,org717
718,org718
719,org719
720,org720
721,org721
722,org722
723,org723
724,org724
725,org725
726,org726
727,org727
728,org728
729,org729
730,org730
731,org731
732,org732
733,org733
734,org734
735,org735
736,org736
737,org737
738,org738
739,org739
740,org740
741,org741
742,org742
743,org743
744,org744
745,org745
746,org746
747,org747
748,org748
749,org749
750,org750
751,org751
752,org752
753,org753
754,org754
755,org755
756,org756
757,org757
758,org758
759,org759
760,org760
761,org761
762,org762
763,org763
764,org764
765,org765
766,org766
767,org767
768,org768
769,org769
770,org770
771,org771
772,org772
773,org773
774,org774
775,org775
776,org776
777,org777
778,org778
779,org779
780,org780
781,org781
782,org782
783,org783
784,org784
785,org785
786,org786
787,org787
788,org788
789,org789
790,org790
791,org791
792,org792
793,org793
794,org794
795,org795
796,org796
797,org797
798,org798
799,org799
800,org800
801,org801
802,org802
803,org803
804,org804
805,org805
806,org806
807,org807
808,org808
809,org809
810,org810
811,org811
812,org812
813,org813
814,org814
815,org815
816,org816
817,org817
818,org818
819,org819
820,org820
821,org821
822,org822
823,org823
824,org824
825,org825
826,org826
827,org827
828,org828
829,org829
830,org830
831,org831
832,org832
833,org833
834,org834
835,org835
836,org836
837,org837
838,org838
839,org839
840,org840
841,org841
842,org842
843,org843
844,org844
845,org845
846,org846
847,org847
848,org848
849,org849
850,org850
851,org851
852,org852
853,org853
854,org854
855,org855
856,org856
857,org857
858,org858
859,org859
860,org860
861,org861
862,org862
863,org863
864,org864
865,org865
866,org866
867,org867
868,org868
869,org869
870,org870
871,org871
872,org872
873,org873
874,org874
875,org875
876,org876
877,org877
878,org878
879,org879
880,org880
881,org881
882,org882
883,org883
884,org884
885,org885
886,org886
887,org887
888,org888
889,org889
890,org890
891,org891
892,org892
893,org893
894,org894
895,org895
896,org896
897,org897
898,org898
899,org899
900,org900
901,org901
902,org902
903,org903
904,org904
905,org905
906,org906
907,org907
908,org908
909,org909
910,org910
911,org911
912,org912
913,org913
914,org914
915,org915
916,org916
917,org917
918,org918
919,org919
920,org920
921,org921
922,org922
923,org923
924,org924
925,org925
926,org926
927,org927
928,org928
929,org929
930,org930
931,org931
932,org932
933,org933
934,org934
935,org935
936,org936
937,org937
938,org938
939,org939
940,org940
941,org941
942,org942
943,org943
944,org944
945,org945
946,org946
947,org947
948,org948
949,org949
950,org950
951,org951
952,org952
953,org953
954,org954
955,org955
956,org956
957,org957
958,org958
959,org959
960,org960
961,org961
962,org962
963,org963
964,org964
965,org965
966,org966
967,org967
968,org968
969,org969
970,org970
971,org971
972,org972
973,org973
974,org974
975,org975
976,org976
977,org977
978,org978
979,org979
980,org980
981,org981
982,org982
983,org983
984,org984
985,org985
986,org986
987,org987
988,org988
989,org989
990,org990
991,org991
992,org992
993,org993
994,org994
995,org995
996,org996
997,org997
998,org998
999,org999
